{"type": "block", "layer": 0, "block": 1, "features": [{"geom": {"lines": [[-1430.0359412319958, 353.7396862357855, 1650.0816345214844, -1480.8421568293124, 433.23163619823754, 1676.5119934082031, -1509.9967314694077, 480.0256881285459, 1680.0]]}, "mtl": {"idx": 0}}], "featureCount": 1, "startIndex": 50}